objectid,tnmid,metasource,sourcedata,sourceorig,sourcefeat,loaddate,referenceg,areaacres,areasqkm,states,huc12,name,hutype,humod,tohuc,noncontrib,noncontr_1,globalid,shape_Leng,shape_Area,_count,_mean,_median,_min,_max
80356,{FDE3FB09-2165-423F-89FD-E7CC4D27A763},,,,,2013/01/18 07:09:16.000,,22665.740000000001601,91.730000000000004,ID,"170501110402",Bear River,S,NM,"170501110404",0.000000000000000,0.000000000000000,{A9B97162-E29C-11E2-8094-0021280458E6},0.566834697979692,0.010287800962484,28684.000000000000000,2274.171419606749623,2281.000000000000000,1873.000000000000000,2677.000000000000000
96251,{2C799EEC-112B-4C33-A3D5-7CA2515A9DCE},,,,,2013/01/18 07:09:16.000,,11934.770000000000437,48.299999999999997,ID,"170501200101",Benedict Creek-South Fork Payette River,S,NM,"170501200102",0.000000000000000,0.000000000000000,{A8A2C02D-E29C-11E2-8094-0021280458E6},0.383714668068480,0.005417498471573,4539.000000000000000,2786.658955717118261,2795.000000000000000,2162.000000000000000,3051.000000000000000
79118,{733901AA-EC8B-44F7-A17A-F303D8049309},,,,,2013/01/18 07:09:18.000,,24965.720000000001164,101.030000000000001,ID,"170602060802",Middle Rush Creek,S,NM,"170602060803",0.000000000000000,0.000000000000000,{A9DE436A-E29C-11E2-8094-0021280458E6},0.574396360234209,0.011536164492075,0.881638979747938,1981.171648422564658,1984.000000000000000,1980.000000000000000,1987.000000000000000
79115,{1F4E3ECE-94F2-4826-B953-F4BFAA1B2D07},,,,,2013/01/18 07:09:18.000,,33877.550000000002910,137.099999999999994,ID,"170602060704",Lower Monumental Creek,S,NM,"170602060903",0.000000000000000,0.000000000000000,{A9DE0E6D-E29C-11E2-8094-0021280458E6},0.794857799045457,0.015664411129388,24695.000000000000000,2307.028750759262493,2328.000000000000000,1885.000000000000000,2571.000000000000000
79400,{C3168D0F-7C8B-4CB0-B3CB-B9D21A1148ED},,,,,2013/01/18 07:09:18.000,,12279.930000000000291,49.700000000000003,ID,"170602080205",Quartz Creek,S,NM,"170602080206",0.000000000000000,0.000000000000000,{AA6B5E68-E29C-11E2-8094-0021280458E6},0.337598641446918,0.005673613138887,14560.000000000000000,2022.798557692307668,2013.000000000000000,1504.000000000000000,2499.000000000000000
79243,{A9CDE39D-9767-4E0D-A1CE-0A7845148DE1},,,,,2013/01/18 07:09:18.000,,21538.669999999998254,87.159999999999997,ID,"170602080108",Porcupine Creek-Johnson Creek,S,NM,"170602080302",0.000000000000000,0.000000000000000,{AA6ADA59-E29C-11E2-8094-0021280458E6},0.625068353150556,0.009926686943111,128666.000000000000000,2032.495803087062541,2083.000000000000000,1423.000000000000000,2707.000000000000000
79242,{2B4A3055-0AEC-42CE-85A8-9357E9093467},,,,,2013/01/18 07:09:18.000,,14461.540000000000873,58.520000000000003,ID,"170602080107",Riordan Creek,S,NM,"170602080108",0.000000000000000,0.000000000000000,{AA6ABB65-E29C-11E2-8094-0021280458E6},0.400119103844697,0.006662805022006,86333.000000000000000,2275.202240163089300,2286.000000000000000,1501.000000000000000,2767.000000000000000
79403,{CB2A94D4-9621-4897-83E8-8146D2E4247A},,,,,2013/01/18 07:09:18.000,,12464.159999999999854,50.439999999999998,ID,"170602080204",Profile Creek,S,NM,"170602080206",0.000000000000000,0.000000000000000,{AA6B475D-E29C-11E2-8094-0021280458E6},0.376950038675695,0.005757582104676,25201.000000000000000,2078.144002222134077,2081.000000000000000,1600.000000000000000,2611.000000000000000
79404,{38B68D5B-07D1-46A2-858C-0DDDCD1C2267},,,,,2013/01/18 07:09:18.000,,19730.099999999998545,79.840000000000003,ID,"170602080206",No Mans Creek-East Fork South Fork Salmon River,S,NM,"170602080302",0.000000000000000,0.000000000000000,{AA6B7C9C-E29C-11E2-8094-0021280458E6},0.590376507501894,0.009103531426060,117960.000000000000000,2116.580120379789605,2156.000000000000000,1422.000000000000000,2667.000000000000000
79406,{35DD98E6-25FD-4543-92F0-FD14AD82F7AF},,,,,2013/01/18 07:09:18.000,,16183.149999999999636,65.489999999999995,ID,"170602080302",Loosum Creek-East Fork South Fork Salmon River,S,NM,"170602080303",0.000000000000000,0.000000000000000,{AA6BB204-E29C-11E2-8094-0021280458E6},0.445139395870238,0.007470545282173,80862.000000000000000,1972.765093616284503,2050.000000000000000,1313.000000000000000,2701.000000000000000
79402,{10B8BBBF-23AA-4B6B-9687-F30CEDE4DD7C},,,,,2013/01/18 07:09:18.000,,11712.889999999999418,47.399999999999999,ID,"170602080203",Tamarack Creek,S,NM,"170602080206",0.000000000000000,0.000000000000000,{AA6B28A0-E29C-11E2-8094-0021280458E6},0.395197356850910,0.005409220103659,42126.000000000000000,2211.675093766320060,2236.000000000000000,1668.000000000000000,2678.000000000000000
79244,{259B546F-3311-4F19-A1CB-E9D8056F2008},,,,,2013/01/18 07:09:18.000,,16012.549999999999272,64.799999999999997,ID,"170602080201",Headwaters East Fork South Fork Salmon River,S,NM,"170602080206",0.000000000000000,0.000000000000000,{AA6AF200-E29C-11E2-8094-0021280458E6},0.402851922886717,0.007381459437101,95664.000000000000000,2335.854532530523556,2359.000000000000000,1807.000000000000000,2810.000000000000000
79401,{6069C4BC-FDE1-48B8-A6DD-7726469AFD17},,,,,2013/01/18 07:09:18.000,,11500.629999999999200,46.539999999999999,ID,"170602080202",Sugar Creek,S,NM,"170602080206",0.000000000000000,0.000000000000000,{AA6B110E-E29C-11E2-8094-0021280458E6},0.335058542555451,0.005306765466870,68765.000000000000000,2318.482949174725491,2336.000000000000000,1812.000000000000000,2826.000000000000000
78625,{008B1FB3-0709-48A3-BFBD-C9259AE92772},,,,,2013/01/18 07:09:18.000,,21819.250000000000000,88.299999999999997,ID,"170602050701",Upper Indian Creek,S,NM,"170602050702",0.000000000000000,0.000000000000000,{AAA491E1-E29C-11E2-8094-0021280458E6},0.545380061787849,0.010048419739691,130225.000000000000000,2304.701240161259193,2319.000000000000000,1784.000000000000000,2847.000000000000000
78626,{78FD894A-A65D-404B-983C-6DDA0D3DF0E2},,,,,2013/01/18 07:09:18.000,,15075.129999999999200,61.009999999999998,ID,"170602050702",Middle Indian Creek,S,NM,"170602050703",0.000000000000000,0.000000000000000,{AAA4A8DB-E29C-11E2-8094-0021280458E6},0.370305150505500,0.006941166917207,89961.000000000000000,2203.073342893031622,2212.000000000000000,1513.000000000000000,2951.000000000000000
79113,{E425126F-1195-4356-9CDD-1C3A041BD2B2},,,,,2013/01/18 07:09:18.000,,14242.879999999999200,57.640000000000001,ID,"170602060702",West Fork Monumental Creek,S,NM,"170602060704",0.000000000000000,0.000000000000000,{A9DDD933-E29C-11E2-8094-0021280458E6},0.408562220062105,0.006579353214023,20358.000000000000000,2392.390411631790812,2413.000000000000000,1963.000000000000000,2685.000000000000000
79112,{3DFE5C43-6354-4DEB-98C2-D9D248A0064B},,,,,2013/01/18 07:09:18.000,,19040.729999999999563,77.060000000000002,ID,"170602060701",Upper Monumental Creek,S,NM,"170602060704",0.000000000000000,0.000000000000000,{A9DDC237-E29C-11E2-8094-0021280458E6},0.494531954146099,0.008785233967585,113017.000000000000000,2266.747657432067626,2264.000000000000000,1762.000000000000000,2828.000000000000000
78627,{76E83775-A7A5-46DC-83B6-8CCF40E0990F},,,,,2013/01/18 07:09:18.000,,16297.450000000000728,65.950000000000003,ID,"170602050703",Lower Indian Creek,S,NM,"170602050902",0.000000000000000,0.000000000000000,{AAA4C6EA-E29C-11E2-8094-0021280458E6},0.445785092637329,0.007502262920760,97227.000000000000000,2023.871167474055483,2011.000000000000000,1410.000000000000000,2796.000000000000000
77935,{3F037570-979D-4FCA-8790-1F268FFB57F8},,,,,2013/01/18 07:09:18.000,,21938.650000000001455,88.780000000000001,ID,"170602050804",Lower Marble Creek,S,NM,"170602050903",0.000000000000000,0.000000000000000,{A9D89D98-E29C-11E2-8094-0021280458E6},0.524098207655781,0.010098671295748,41152.000000000000000,1996.497667185069986,2011.000000000000000,1353.000000000000000,2611.000000000000000
78629,{6D5D43FA-11FB-4E24-8739-29690D0E6757},,,,,2013/01/18 07:09:18.000,,18373.599999999998545,74.359999999999999,ID,"170602050802",Middle Marble Creek,S,NM,"170602050804",0.000000000000000,0.000000000000000,{AAA4FBEB-E29C-11E2-8094-0021280458E6},0.555989468328969,0.008466443461789,108981.000000000000000,2142.842807461850953,2134.000000000000000,1545.000000000000000,2899.000000000000000
78630,{8983D41F-0440-4184-BCAD-DA510072CAD5},,,,,2013/01/18 07:09:18.000,,16841.220000000001164,68.150000000000006,ID,"170602050803",Trail Creek,S,NM,"170602050804",0.000000000000000,0.000000000000000,{AAA512D7-E29C-11E2-8094-0021280458E6},0.416689234201452,0.007764379461991,3740.000000000000000,2022.312566844919729,2044.000000000000000,1544.000000000000000,2694.000000000000000
78628,{E0A2915F-44DA-477D-B7F5-01F3AADA4396},,,,,2013/01/18 07:09:18.000,,26168.159999999999854,105.900000000000006,ID,"170602050801",Upper Marble Creek,S,NM,"170602050802",0.000000000000000,0.000000000000000,{AAA4DDCB-E29C-11E2-8094-0021280458E6},0.641136034109954,0.012069371609615,156090.000000000000000,2212.315676853097557,2221.000000000000000,1633.000000000000000,2866.000000000000000
79117,{B89EB910-EAF8-4DE1-A817-74D5B2191283},,,,,2013/01/18 07:09:18.000,,16763.299999999999272,67.840000000000003,ID,"170602060801",Upper Rush Creek,S,NM,"170602060802",0.000000000000000,0.000000000000000,{A9DE2C7D-E29C-11E2-8094-0021280458E6},0.402722566231728,0.007738122740884,50195.000000000000000,2198.371531028986738,2208.000000000000000,1743.000000000000000,2650.000000000000000
78538,{D7CBA674-FD4F-487D-85E1-31C56E9D2BB9},,,,,2013/01/18 07:09:17.000,,23973.229999999999563,97.019999999999996,ID,"170602010106",Lower Valley Creek,S,NM,"170602010601",0.000000000000000,0.000000000000000,{A9D1AD3B-E29C-11E2-8094-0021280458E6},0.519375390690696,0.010922299878727,77853.000000000000000,2337.781074589290711,2241.000000000000000,1925.000000000000000,3261.000000000000000
78601,{D99D880B-3204-47C6-960A-4481144D45A6},,,,,2013/01/18 07:09:17.000,,11456.000000000000000,46.359999999999999,ID,"170602010105",Stanley Lake Creek,S,NM,"170602010106",0.000000000000000,0.000000000000000,{A9D18F2D-E29C-11E2-8094-0021280458E6},0.432200605618109,0.005221297041785,67654.000000000000000,2303.505986342271171,2282.000000000000000,1942.000000000000000,2996.000000000000000
78597,{D7B12C03-11C9-45A1-BCE1-E25693A5DFF1},,,,,2013/01/18 07:09:17.000,,12914.590000000000146,52.259999999999998,ID,"170602010101",Elk Creek,S,NM,"170602010103",0.000000000000000,0.000000000000000,{A9D11EE5-E29C-11E2-8094-0021280458E6},0.474389919501230,0.005888971265830,76334.000000000000000,2288.937511462781913,2240.000000000000000,1977.000000000000000,2826.000000000000000
78600,{E7024A5F-55C9-461A-BD07-72CA804441CB},,,,,2013/01/18 07:09:17.000,,9888.139999999999418,40.020000000000003,ID,"170602010104",Stanley Creek,S,NM,"170602010106",0.000000000000000,0.000000000000000,{A9D171F2-E29C-11E2-8094-0021280458E6},0.348463855579941,0.004510963822185,2792.000000000000000,1991.707378223495652,1968.000000000000000,1939.000000000000000,2254.000000000000000
78599,{5D647611-E5EE-4E43-98E3-DA5F7553DAD3},,,,,2013/01/18 07:09:17.000,,17580.900000000001455,71.150000000000006,ID,"170602010103",Middle Valley Creek,S,NM,"170602010106",0.000000000000000,0.000000000000000,{A9D153D8-E29C-11E2-8094-0021280458E6},0.700320836167018,0.008023284758333,102012.000000000000000,2140.331725679332067,2088.000000000000000,1939.000000000000000,2819.000000000000000
78465,{AF5B6849-C277-4EEC-9478-B1B9E377017B},,,,,2013/01/18 07:09:18.000,,17144.790000000000873,69.379999999999995,ID,"170602050201",Headwaters Bear Valley Creek,S,NM,"170602050202",0.000000000000000,0.000000000000000,{AAA1F56A-E29C-11E2-8094-0021280458E6},0.405829748181915,0.007823084967246,101376.000000000000000,2167.211805555555657,2143.000000000000000,2001.000000000000000,2568.000000000000000
10009,{5A8EC9D6-CA0C-4353-9531-3E33940628A9},{A696784E-F207-4A04-827B-F7F1AE5DC54F},,,,2016/11/29 21:28:20.000,,22450.060000000001310,90.849999999999994,ID,"170501200203",Upper Warm Spring Creek,S,NM,"170501200204",0.000000000000000,0.000000000000000,{A8A35F8C-E29C-11E2-8094-0021280458E6},0.571436861672348,0.010244142860282,132793.000000000000000,2270.835345236571357,2286.000000000000000,1725.000000000000000,2686.000000000000000
78466,{E66CD8D4-C9E7-4932-B183-5F2F2F6DD875},,,,,2013/01/18 07:09:18.000,,25399.279999999998836,102.790000000000006,ID,"170602050202",Cache Creek-Bear Valley Creek,S,NM,"170602050203",0.000000000000000,0.000000000000000,{AAA2137A-E29C-11E2-8094-0021280458E6},0.673571860301353,0.011598890790556,150328.000000000000000,2181.371926720238207,2147.000000000000000,1943.000000000000000,2652.000000000000000
78487,{155BAB0F-FDE4-46E3-A229-1EDC2B69222D},,,,,2013/01/18 07:09:18.000,,11341.809999999999491,45.899999999999999,ID,"170602050102",Bearskin Creek,S,NM,"170602050103",0.000000000000000,0.000000000000000,{AAA1C09B-E29C-11E2-8094-0021280458E6},0.408269113635086,0.005183902967325,67184.000000000000000,2118.269260538223534,2099.000000000000000,1960.000000000000000,2490.000000000000000
78464,{76DD169D-3C7F-4FB9-9981-E913BACE9A4A},,,,,2013/01/18 07:09:18.000,,13308.819999999999709,53.859999999999999,ID,"170602050103",Lower Elk Creek,S,NM,"170602050203",0.000000000000000,0.000000000000000,{AAA1DE87-E29C-11E2-8094-0021280458E6},0.383250450670596,0.006085473150845,78851.000000000000000,2098.173111311207322,2098.000000000000000,1942.000000000000000,2527.000000000000000
78468,{3EA88F38-398C-461F-A4E3-6199D5DEA2B4},,,,,2013/01/18 07:09:18.000,,12937.809999999999491,52.359999999999999,ID,"170602050204",Fir Creek-Bear Valley Creek,S,NM,"170602050401",0.000000000000000,0.000000000000000,{AAA24858-E29C-11E2-8094-0021280458E6},0.388202071893431,0.005914812752447,76668.000000000000000,2280.901732143788649,2274.000000000000000,1882.000000000000000,2894.000000000000000
78467,{3F34290E-3EC3-44D7-9018-0AE7A1FEFA18},,,,,2013/01/18 07:09:18.000,,16508.840000000000146,66.810000000000002,ID,"170602050203",Wyoming Creek-Bear Valley Creek,S,NM,"170602050204",0.000000000000000,0.000000000000000,{AAA22A46-E29C-11E2-8094-0021280458E6},0.452609170252362,0.007548767954622,97832.000000000000000,2099.604117262245381,2025.000000000000000,1931.000000000000000,2660.000000000000000
78598,{B64E588A-9961-4B81-9346-556B9A276C22},,,,,2013/01/18 07:09:17.000,,17354.020000000000437,70.230000000000004,ID,"170602010102",Upper Valley Creek,S,NM,"170602010103",0.000000000000000,0.000000000000000,{A9D13CFA-E29C-11E2-8094-0021280458E6},0.481557604194899,0.007928798520833,59312.000000000000000,2252.173624224440118,2239.000000000000000,1999.000000000000000,2572.000000000000000
78469,{DDAB642A-3DB8-4EB6-BA47-F10FA6667A6C},,,,,2013/01/18 07:09:18.000,,12897.540000000000873,52.189999999999998,ID,"170602050301",Knapp Creek,S,NM,"170602050305",0.000000000000000,0.000000000000000,{AAA25F2E-E29C-11E2-8094-0021280458E6},0.581433430853987,0.005897324491523,41270.000000000000000,2209.432541797916201,2199.000000000000000,2011.000000000000000,2601.000000000000000
78471,{B362D648-6E73-451F-8841-454B03456514},,,,,2013/01/18 07:09:18.000,,16258.649999999999636,65.799999999999997,ID,"170602050303",Upper Beaver Creek,S,NM,"170602050304",0.000000000000000,0.000000000000000,{AAA29428-E29C-11E2-8094-0021280458E6},0.432210240306068,0.007440832453178,50029.000000000000000,2339.841012212916667,2327.000000000000000,2074.000000000000000,2764.000000000000000
78623,{45C95109-E52F-47CA-B6B3-BBCB7CCEA885},,,,,2013/01/18 07:09:18.000,,21635.209999999999127,87.549999999999997,ID,"170602050603",Upper Pistol Creek,S,NM,"170602050604",0.000000000000000,0.000000000000000,{AAA45CB3-E29C-11E2-8094-0021280458E6},0.538318433714329,0.009936962371137,128762.000000000000000,2326.712492816203394,2363.000000000000000,1772.000000000000000,2806.000000000000000
78624,{E2B35B30-75EB-42A0-942B-E0DB48E969D6},,,,,2013/01/18 07:09:18.000,,18317.930000000000291,74.129999999999995,ID,"170602050604",Lower Pistol Creek,S,NM,"170602050901",0.000000000000000,0.000000000000000,{AAA473BF-E29C-11E2-8094-0021280458E6},0.501788945318308,0.008416555485246,109084.000000000000000,2120.724982582230041,2130.000000000000000,1456.000000000000000,2831.000000000000000
79238,{1775A54D-C3A9-4BAF-9EC0-74C704307BA8},,,,,2013/01/18 07:09:18.000,,10408.190000000000509,42.119999999999997,ID,"170602080103",Sheep Creek-Johnson Creek,S,NM,"170602080104",0.000000000000000,0.000000000000000,{AA6A4E2F-E29C-11E2-8094-0021280458E6},0.353886789321519,0.004783250494548,62005.000000000000000,2139.418546891379719,2134.000000000000000,1844.000000000000000,2502.000000000000000
78622,{31AF74A1-8462-4A68-9CF8-91D528DBA365},,,,,2013/01/18 07:09:18.000,,15495.940000000000509,62.710000000000001,ID,"170602050602",Lower Little Pistol Creek,S,NM,"170602050604",0.000000000000000,0.000000000000000,{AAA43CF5-E29C-11E2-8094-0021280458E6},0.393434333188882,0.007126853482222,92368.000000000000000,2191.224330937121067,2199.000000000000000,1546.000000000000000,2948.000000000000000
78621,{F3779401-6C52-4FF5-9769-248F2B2E2494},,,,,2013/01/18 07:09:18.000,,17422.419999999998254,70.510000000000005,ID,"170602050601",Upper Little Pistol Creek,S,NM,"170602050602",0.000000000000000,0.000000000000000,{AAA42611-E29C-11E2-8094-0021280458E6},0.441204331308134,0.008013148741436,103832.000000000000000,2318.367921257415674,2343.000000000000000,1797.000000000000000,2774.000000000000000
79239,{4AF471D8-3E90-4EBE-A167-C681EE578DF2},,,,,2013/01/18 07:09:18.000,,16247.350000000000364,65.750000000000000,ID,"170602080104",Ditch Creek-Johnson Creek,S,NM,"170602080106",0.000000000000000,0.000000000000000,{AA6A6D2F-E29C-11E2-8094-0021280458E6},0.441320237345841,0.007474727487530,96849.000000000000000,2191.375863457547439,2203.000000000000000,1610.000000000000000,2785.000000000000000
79240,{31FA3795-74AE-489C-A5F6-6454CA93F94A},,,,,2013/01/18 07:09:18.000,,25215.069999999999709,102.040000000000006,ID,"170602080105",Burntlog Creek,S,NM,"170602080106",0.000000000000000,0.000000000000000,{AA6A84D7-E29C-11E2-8094-0021280458E6},0.501968242464108,0.011590886349949,150225.000000000000000,2193.681151605924242,2190.000000000000000,1615.000000000000000,2682.000000000000000
79241,{6D1031C9-EC52-40A3-AD89-B566B142F18F},,,,,2013/01/18 07:09:18.000,,12589.530000000000655,50.950000000000003,ID,"170602080106",Trapper Creek-Johnson Creek,S,NM,"170602080108",0.000000000000000,0.000000000000000,{AA6AA3B8-E29C-11E2-8094-0021280458E6},0.506566240769344,0.005794559641388,75121.000000000000000,2225.907429347319521,2256.000000000000000,1571.000000000000000,2777.000000000000000
78616,{9DF792B8-4C65-482A-B2E0-0F189E095433},,,,,2013/01/18 07:09:18.000,,13484.540000000000873,54.570000000000000,ID,"170602050407",Soldier Creek,S,NM,"170602050408",0.000000000000000,0.000000000000000,{AAA38654-E29C-11E2-8094-0021280458E6},0.360163537111033,0.006182169280502,80128.000000000000000,2263.614404452875533,2295.000000000000000,1584.000000000000000,2777.000000000000000
78619,{DDBC2B46-32DD-4B6D-9993-ECAA18A3D123},,,,,2013/01/18 07:09:18.000,,24504.740000000001601,99.170000000000002,ID,"170602050503",Middle Rapid River,S,NM,"170602050504",0.000000000000000,0.000000000000000,{AAA3F0AE-E29C-11E2-8094-0021280458E6},0.592294240191103,0.011242353617080,121786.000000000000000,2229.363719967812358,2237.000000000000000,1672.000000000000000,2793.000000000000000
78618,{41C231C5-9F51-44FB-94A8-D405E39F48E3},,,,,2013/01/18 07:09:18.000,,16227.440000000000509,65.670000000000002,ID,"170602050408",Greyhound Creek-Middle Fork Salmon River,S,NM,"170602050901",0.000000000000000,0.000000000000000,{AAA39D28-E29C-11E2-8094-0021280458E6},0.394165326250619,0.007448112896002,96526.000000000000000,2169.459026583511331,2243.000000000000000,1497.000000000000000,2830.000000000000000
78620,{B984FC7C-F216-49FD-A249-420953BBAE56},,,,,2013/01/18 07:09:18.000,,12730.799999999999272,51.520000000000003,ID,"170602050504",Lower Rapid River,S,NM,"170602050901",0.000000000000000,0.000000000000000,{AAA407C2-E29C-11E2-8094-0021280458E6},0.341524701252014,0.005845612829365,75754.000000000000000,2068.640309422604787,2070.000000000000000,1497.000000000000000,2680.000000000000000
79143,{CFC227E2-4B04-43A4-9BBF-91243909CBD0},,,,,2013/01/18 07:09:18.000,,15918.520000000000437,64.420000000000002,ID,"170602050901",Lake Creek-Middle Fork Salmon River,S,NM,"170602050902",0.000000000000000,0.000000000000000,{A9D8BBB6-E29C-11E2-8094-0021280458E6},0.466039480878708,0.007318066164716,94826.000000000000000,1953.405606057410523,1948.000000000000000,1405.000000000000000,2668.000000000000000
79144,{A13F820D-EAB8-4315-AE89-CD11D8F8E25F},,,,,2013/01/18 07:09:18.000,,13483.250000000000000,54.560000000000002,ID,"170602050902",Little Soldier Creek-Middle Fork Salmon River,S,NM,"170602050903",0.000000000000000,0.000000000000000,{A9D8D296-E29C-11E2-8094-0021280458E6},0.380898819927875,0.006200709114334,80362.000000000000000,1980.131965356760475,2010.000000000000000,1350.000000000000000,2679.000000000000000
79145,{DDA86939-2166-490B-8FF8-9A36A7EC27B3},,,,,2013/01/18 07:09:18.000,,14540.739999999999782,58.840000000000003,ID,"170602050903",Thomas Creek-Middle Fork Salmon River,S,NM,"170602050906",0.000000000000000,0.000000000000000,{A9D8F08C-E29C-11E2-8094-0021280458E6},0.381982348000112,0.006682326878669,46606.000000000000000,1879.730957387460876,1895.000000000000000,1319.000000000000000,2567.000000000000000
10170,{82DE9F22-DDFE-413E-A1C0-3565B758F385},{0B436472-4E09-4962-90EA-2605EA78F257},,,,2016/11/29 22:15:02.000,,20568.180000000000291,83.239999999999995,ID,"170602050501",Headwaters Rapid River,S,NM,"170602050502",0.000000000000000,0.000000000000000,{AAA3BB35-E29C-11E2-8094-0021280458E6},0.499898533695836,0.009427887765673,43425.000000000000000,2310.495866436384404,2324.000000000000000,1847.000000000000000,2777.000000000000000
78463,{6D264CC8-C35A-45BD-B050-76B742EBF8AF},,,,,2013/01/18 07:09:18.000,,26052.439999999998690,105.430000000000007,ID,"170602050101",Upper Elk Creek,S,NM,"170602050103",0.000000000000000,0.000000000000000,{AAA1A9CA-E29C-11E2-8094-0021280458E6},0.587210246434352,0.011925278332674,154552.000000000000000,2170.742248563590238,2159.000000000000000,1959.000000000000000,2581.000000000000000
78476,{EF8F7D30-647F-4217-91B7-4DE8C7FD8B40},,,,,2013/01/18 07:09:18.000,,19224.939999999998690,77.799999999999997,ID,"170602050402",Boundary Creek-Middle Fork Salmon River,S,NM,"170602050406",0.000000000000000,0.000000000000000,{AAA2FE84-E29C-11E2-8094-0021280458E6},0.505821948862510,0.008804307506581,114107.000000000000000,2117.975049734021468,2097.000000000000000,1705.000000000000000,2770.000000000000000
78477,{BBFD9149-9DC4-4D64-8741-5D6B12E43215},,,,,2013/01/18 07:09:18.000,,14664.969999999999345,59.350000000000001,ID,"170602050403",Upper Sulphur Creek,S,NM,"170602050404",0.000000000000000,0.000000000000000,{AAA31C86-E29C-11E2-8094-0021280458E6},0.455610969294811,0.006721202501614,87107.000000000000000,2231.367846441732581,2249.000000000000000,1814.000000000000000,2581.000000000000000
78478,{7E32382D-7ECD-494C-9E64-967590102DF6},,,,,2013/01/18 07:09:18.000,,18022.139999999999418,72.930000000000007,ID,"170602050404",Lower Sulphur Creek,S,NM,"170602050406",0.000000000000000,0.000000000000000,{AAA33375-E29C-11E2-8094-0021280458E6},0.530288821222808,0.008259959059991,107050.000000000000000,2137.697524521251580,2159.000000000000000,1707.000000000000000,2627.000000000000000
78480,{511DEC6B-39E4-43B6-BF36-09F6A2D7F19D},,,,,2013/01/18 07:09:18.000,,15156.149999999999636,61.329999999999998,ID,"170602050406",Velvet Creek-Middle Fork Salmon River,S,NM,"170602050408",0.000000000000000,0.000000000000000,{AAA36854-E29C-11E2-8094-0021280458E6},0.456129275144026,0.006951401599127,90087.000000000000000,2073.868837901140068,2078.000000000000000,1574.000000000000000,2720.000000000000000
78479,{DC2837D4-4279-45ED-B954-BDA978F9363F},{8E3F4388-135B-4E34-AF1B-B3DD7B05CBD6},,,,2013/01/18 07:09:18.000,,16226.159999999999854,65.659999999999997,ID,"170602050405",Elkhorn Creek,S,NM,"170602050406",0.000000000000000,0.000000000000000,{AAA35182-E29C-11E2-8094-0021280458E6},0.426347533511003,0.007446181066411,96512.000000000000000,2280.105852122016131,2322.000000000000000,1622.000000000000000,2769.000000000000000
79323,{2002B147-1820-4537-B694-6F794CC29BA8},,,,,2013/01/18 07:09:18.000,,23681.909999999999854,95.840000000000003,ID,"170602080101",Headwaters Johnson Creek,S,NM,"170602080102",0.000000000000000,0.000000000000000,{AA6A178B-E29C-11E2-8094-0021280458E6},0.722328625661715,0.010863051840651,140785.000000000000000,2242.178584366232371,2222.000000000000000,2029.000000000000000,2675.000000000000000
79324,{F2C085C9-E0C7-40FF-944A-C9E52F228840},,,,,2013/01/18 07:09:18.000,,15421.250000000000000,62.409999999999997,ID,"170602080102",Lunch Creek-Johnson Creek,S,NM,"170602080103",0.000000000000000,0.000000000000000,{AA6A3669-E29C-11E2-8094-0021280458E6},0.455370120550968,0.007079043766671,91748.000000000000000,2173.212604089462275,2139.000000000000000,2009.000000000000000,2581.000000000000000
78470,{9ACEDC82-535A-4E5B-98FB-B36159C85F16},,,,,2013/01/18 07:09:18.000,,17492.310000000001310,70.790000000000006,ID,"170602050302",Cape Horn Creek,S,NM,"170602050305",0.000000000000000,0.000000000000000,{AAA27D3F-E29C-11E2-8094-0021280458E6},0.484117333355979,0.007989020417121,103524.000000000000000,2312.453595301572477,2299.000000000000000,1981.000000000000000,2837.000000000000000
78474,{6D0DB6BE-4B86-4570-99A6-4FC673B5E745},,,,,2013/01/18 07:09:18.000,,29510.939999999998690,119.430000000000007,ID,"170602050305",Swamp Creek-Marsh Creek,S,NM,"170602050401",0.000000000000000,0.000000000000000,{AAA2C933-E29C-11E2-8094-0021280458E6},0.875401890029652,0.013485199667402,174769.000000000000000,2210.247572509998918,2147.000000000000000,1883.000000000000000,2895.000000000000000
78472,{644CC204-1788-4CB1-9E50-F856B6260896},,,,,2013/01/18 07:09:18.000,,19183.349999999998545,77.629999999999995,ID,"170602050304",Lower Beaver Creek,S,NM,"170602050305",0.000000000000000,0.000000000000000,{AAA2B234-E29C-11E2-8094-0021280458E6},0.449362091094287,0.008776506761160,113749.000000000000000,2291.392117732902989,2277.000000000000000,1975.000000000000000,2861.000000000000000
78475,{FDDC67ED-39DE-4F84-AF50-166D93F25EA1},,,,,2013/01/18 07:09:18.000,,17533.889999999999418,70.959999999999994,ID,"170602050401",Fall Creek-Middle Fork Salmon River,S,NM,"170602050402",0.000000000000000,0.000000000000000,{AAA2E793-E29C-11E2-8094-0021280458E6},0.433002901656333,0.008027690732145,104037.000000000000000,2314.642079260263017,2356.000000000000000,1787.000000000000000,2860.000000000000000
10171,{2711E323-F338-4AFF-B9F6-93CB56917E42},{0B436472-4E09-4962-90EA-2605EA78F257},,,,2016/11/29 22:15:02.000,,20441.060000000001310,82.719999999999999,ID,"170602050502",Upper Rapid River,S,NM,"170602050503",0.000000000000000,0.000000000000000,{AAA3D23C-E29C-11E2-8094-0021280458E6},0.515204814758397,0.009364821992023,121376.000000000000000,2326.125041194305140,2352.000000000000000,1793.000000000000000,2828.000000000000000
96374,{71E7CC62-4976-42AE-9256-3CD9E5D77511},,,,,2013/01/18 07:09:16.000,,12580.899999999999636,50.909999999999997,ID,"170501200102",Pinchot Creek-South Fork Payette River,S,NM,"170501200104",0.000000000000000,0.000000000000000,{A8A2D72E-E29C-11E2-8094-0021280458E6},0.362300752964538,0.005713889800478,53401.000000000000000,2459.440047939177020,2478.000000000000000,1882.000000000000000,3213.000000000000000
78718,{651B9E03-E20D-4E05-A61E-55B4F62A7415},,,,,2013/01/18 07:09:17.000,,12135.030000000000655,49.109999999999999,ID,"170602010406",Upper Redfish Lake Creek,S,NM,"170602010407",0.000000000000000,0.000000000000000,{A9D30543-E29C-11E2-8094-0021280458E6},0.381032616783305,0.005515418014295,32338.000000000000000,2650.455315727626839,2671.000000000000000,2246.000000000000000,3212.000000000000000
96376,{7E969C52-FD98-4F96-BC57-8B72A12057BC},,,,,2013/01/18 07:09:16.000,,20565.020000000000437,83.219999999999999,ID,"170501200104",Goat Creek-South Fork Payette River,S,NM,"170501200201",0.000000000000000,0.000000000000000,{A8A30C2C-E29C-11E2-8094-0021280458E6},0.489653840620794,0.009350618697662,121170.000000000000000,2238.552966905999710,2267.000000000000000,1569.000000000000000,3097.000000000000000
96375,{B1460834-4BB2-4BD0-AA83-842CFB4B8E14},,,,,2013/01/18 07:09:16.000,,14487.090000000000146,58.630000000000003,ID,"170501200103",Baron Creek,S,NM,"170501200201",0.000000000000000,0.000000000000000,{A8A2F540-E29C-11E2-8094-0021280458E6},0.481761008727758,0.006591763079694,85108.000000000000000,2425.655520045118919,2493.000000000000000,1572.000000000000000,3212.000000000000000
78719,{C2DC02BD-BFAE-482B-B7BD-77BC01C7E5F0},,,,,2013/01/18 07:09:17.000,,16053.799999999999272,64.969999999999999,ID,"170602010407",Lower Redfish Lake Creek,S,NM,"170602010408",0.000000000000000,0.000000000000000,{A9D32369-E29C-11E2-8094-0021280458E6},0.493335903453889,0.007304958884770,18712.000000000000000,2770.726592560923564,2761.000000000000000,2367.000000000000000,3257.000000000000000
96373,{27C2D251-C07D-426E-BF50-E05EE3A0B4D2},,,,,2013/01/18 07:09:16.000,,24124.840000000000146,97.629999999999995,ID,"170501200201",Wapiti Creek-South Fork Payette River,S,NM,"170501200206",0.000000000000000,0.000000000000000,{A8A32A78-E29C-11E2-8094-0021280458E6},0.574812483058869,0.010983252595103,142328.000000000000000,2108.180955258276754,2150.000000000000000,1474.000000000000000,3086.000000000000000
80354,{D9C1506A-9B1F-49FF-BD8A-F35A92DB7805},,,,,2013/01/18 07:09:16.000,,17183.319999999999709,69.540000000000006,ID,"170501110303",Big Silver Creek-North Fork Boise River,S,NM,"170501110401",0.000000000000000,0.000000000000000,{A9B93B9D-E29C-11E2-8094-0021280458E6},0.399193832589982,0.007801840261499,39104.000000000000000,2190.263988338788749,2194.000000000000000,1813.000000000000000,2654.000000000000000
80360,{E8F96771-0422-41D9-9F1A-ED77A6AD0395},,,,,2013/01/18 07:09:16.000,,13029.010000000000218,52.729999999999997,ID,"170501110502",Pikes Fork,S,NM,"170501110503",0.000000000000000,0.000000000000000,{A9B9DB77-E29C-11E2-8094-0021280458E6},0.489044784966655,0.005917718866144,55677.000000000000000,1947.249151355137428,1937.000000000000000,1674.000000000000000,2329.000000000000000
80359,{B4524C16-CFAF-4E20-8FB4-A74D9270E4AB},,,,,2013/01/18 07:09:16.000,,18454.740000000001601,74.680000000000007,ID,"170501110501",Upper Crooked River,S,NM,"170501110503",0.000000000000000,0.000000000000000,{A9B9BD4D-E29C-11E2-8094-0021280458E6},0.729027141524628,0.008379735831553,53125.000000000000000,2186.631548235294304,2188.000000000000000,1806.000000000000000,2675.000000000000000
10083,{56018E53-859B-4051-B190-F962FE5CE3A0},{A696784E-F207-4A04-827B-F7F1AE5DC54F},,,,2016/11/29 21:28:21.000,,12956.920000000000073,52.430000000000000,ID,"170501200204",Lower Warm Spring Creek,S,NM,"170501200206",0.000000000000000,0.000000000000000,{A8D3CB8F-E29C-11E2-8094-0021280458E6},0.403132601961314,0.005904109497172,76534.000000000000000,1953.235725298560055,1937.000000000000000,1408.000000000000000,2591.000000000000000
10084,{669C7F93-AEC9-45D4-BC0C-4BA6A5F11E51},{A696784E-F207-4A04-827B-F7F1AE5DC54F},,,,2016/11/29 21:28:21.000,,32293.549999999999272,130.689999999999998,ID,"170501200403",Deadwood Reservoir-Deadwood River,S,"DM,RS","170501200501",0.000000000000000,0.000000000000000,{A8D4F3C7-E29C-11E2-8094-0021280458E6},0.683763896108040,0.014743164189556,191068.000000000000000,1910.753009399794792,1878.000000000000000,1596.000000000000000,2511.000000000000000
10085,{ADE165D9-C00D-4CD0-9BD1-1829CEABF2D8},{A696784E-F207-4A04-827B-F7F1AE5DC54F},,,,2016/11/29 21:28:21.000,,15909.299999999999272,64.379999999999995,ID,"170501210101",Ligget Creek-Middle Fork Payette River,S,NM,"170501210201",0.000000000000000,0.000000000000000,{A8D613AA-E29C-11E2-8094-0021280458E6},0.611985639169059,0.007285925915487,94420.000000000000000,1966.063185765727667,1965.000000000000000,1361.000000000000000,2441.000000000000000
79408,{7A8CC86F-729C-4A4E-8C4E-8E8FBA6770FF},,,,,2013/01/18 07:09:18.000,,21010.259999999998399,85.030000000000001,ID,"170602080401",Headwaters South Fork Salmon River,S,NM,"170602080403",0.000000000000000,0.000000000000000,{AA6BE78C-E29C-11E2-8094-0021280458E6},0.469627685981312,0.009624802574165,124761.000000000000000,2134.716714357852197,2152.000000000000000,1645.000000000000000,2679.000000000000000
10156,{BA6AB0F8-FBAE-4374-BF90-9848D2911AAC},{0B436472-4E09-4962-90EA-2605EA78F257},,,,2016/11/29 22:14:58.000,,20201.560000000001310,81.750000000000000,ID,"170602080403",Bear Creek-South Fork Salmon River,S,NM,"170602080406",0.000000000000000,0.000000000000000,{AA6C1CD2-E29C-11E2-8094-0021280458E6},0.560003937525640,0.009265803022530,120099.000000000000000,1949.462793195613585,1900.000000000000000,1559.000000000000000,2640.000000000000000
79409,{0259815C-A13C-432A-A2CC-650018247A40},,,,,2013/01/18 07:09:18.000,,17486.189999999998690,70.760000000000005,ID,"170602080402",Curtis Creek,S,NM,"170602080406",0.000000000000000,0.000000000000000,{AA6BFEA0-E29C-11E2-8094-0021280458E6},0.426272491950250,0.008022069145937,103957.000000000000000,1984.778437238473543,1972.000000000000000,1560.000000000000000,2441.000000000000000
10030,{C3DB87F4-0BD1-4DB6-ABEF-8B79D6FC300D},{A696784E-F207-4A04-827B-F7F1AE5DC54F},,,,2016/11/29 21:28:22.000,,12186.469999999999345,49.320000000000000,ID,"170501230201",North Fork Lake Fork,S,NM,"170501230203",0.000000000000000,0.000000000000000,{A8DC197E-E29C-11E2-8094-0021280458E6},0.404961322844212,0.005627220462173,41508.000000000000000,2051.152428447528109,2064.000000000000000,1637.000000000000000,2687.000000000000000
10032,{0DE5216C-ECBD-4C8E-8274-DEBA259B87E6},{A696784E-F207-4A04-827B-F7F1AE5DC54F},,,,2016/11/29 21:28:22.000,,14418.010000000000218,58.350000000000001,ID,"170501230202",East Fork Lake Fork,S,NM,"170501230203",0.000000000000000,0.000000000000000,{A8DC37DE-E29C-11E2-8094-0021280458E6},0.418826936143396,0.006651062988290,86198.000000000000000,2173.926239587925465,2198.000000000000000,1640.000000000000000,2733.000000000000000
79415,{1905D503-671D-4B71-AA7D-5C2E32449B69},,,,,2013/01/18 07:09:18.000,,11234.750000000000000,45.469999999999999,ID,"170602080408",Blackmare Creek,S,NM,"170602080409",0.000000000000000,0.000000000000000,{AA6C9E6C-E29C-11E2-8094-0021280458E6},0.386275853560636,0.005170054754771,66995.000000000000000,2071.062870363459751,2121.000000000000000,1291.000000000000000,2643.000000000000000
79411,{0EC17C16-876E-48EB-BC04-5F223BAC387E},,,,,2013/01/18 07:09:18.000,,10584.049999999999272,42.829999999999998,ID,"170602080405",Dollar Creek,S,NM,"170602080407",0.000000000000000,0.000000000000000,{AA6C521B-E29C-11E2-8094-0021280458E6},0.317541734706873,0.004865482940637,63077.000000000000000,2016.915674493079905,2045.000000000000000,1497.000000000000000,2456.000000000000000
10157,{F438D18E-034F-45A0-97F9-719171421006},{0B436472-4E09-4962-90EA-2605EA78F257},,,,2016/11/29 22:14:58.000,,15095.750000000000000,61.090000000000003,ID,"170602080406",Six-bit Creek-South Fork Salmon River,S,NM,"170602080407",0.000000000000000,0.000000000000000,{AA6C6924-E29C-11E2-8094-0021280458E6},0.562485677934026,0.006933902400522,89853.000000000000000,1916.720588071628072,1923.000000000000000,1490.000000000000000,2513.000000000000000
79412,{BFEE7DC5-3572-4A3F-A587-27501F7BF459},,,,,2013/01/18 07:09:18.000,,17886.299999999999272,72.379999999999995,ID,"170602080407",Goat Creek-South Fork Salmon River,S,NM,"170602080409",0.000000000000000,0.000000000000000,{AA6C8752-E29C-11E2-8094-0021280458E6},0.484079180361553,0.008228278987575,106635.000000000000000,1942.606555071036610,1928.000000000000000,1282.000000000000000,2646.000000000000000
79416,{4E3EE0B4-9221-43A7-AD3A-62582F513786},,,,,2013/01/18 07:09:18.000,,27636.939999999998690,111.840000000000003,ID,"170602080409",Fourmile Creek-South Fork Salmon River,S,NM,"170602080412",0.000000000000000,0.000000000000000,{AA6CBCAB-E29C-11E2-8094-0021280458E6},0.638794533568091,0.012729792370686,164986.000000000000000,1938.866522007927870,1954.000000000000000,1216.000000000000000,2787.000000000000000
79410,{FA51DB57-C178-4B04-8685-3ABD04714B7D},,,,,2013/01/18 07:09:18.000,,15100.329999999999927,61.109999999999999,ID,"170602080404",Warm Lake Creek,S,NM,"170602080406",0.000000000000000,0.000000000000000,{AA6C33DA-E29C-11E2-8094-0021280458E6},0.450986597374417,0.006934869993732,89859.000000000000000,1967.284668202405783,1980.000000000000000,1549.000000000000000,2625.000000000000000
79405,{A06B4A70-03FE-4492-93E1-8ECCD730A9D8},,,,,2013/01/18 07:09:18.000,,17793.119999999998981,72.010000000000005,ID,"170602080301",Caton Creek,S,NM,"170602080303",0.000000000000000,0.000000000000000,{AA6B93AD-E29C-11E2-8094-0021280458E6},0.431399232001212,0.008201282238610,106288.000000000000000,2206.580667620051372,2223.000000000000000,1326.000000000000000,2787.000000000000000
79518,{11859365-E193-4C12-8B6E-C70027FA0E10},,,,,2013/01/18 07:09:18.000,,24679.000000000000000,99.870000000000005,ID,"170602080412",Camp Creek-South Fork Salmon River,S,NM,"170602080604",0.000000000000000,0.000000000000000,{AA6D0912-E29C-11E2-8094-0021280458E6},0.635527893495958,0.011384588797371,144239.000000000000000,1709.079486130658097,1721.000000000000000,1139.000000000000000,2398.000000000000000
79407,{6FFE96A7-0593-44AB-9552-0B9174C70C83},,,,,2013/01/18 07:09:18.000,,12803.700000000000728,51.810000000000002,ID,"170602080303",Deadman Creek-East Fork South Fork Salmon River,S,NM,"170602080604",0.000000000000000,0.000000000000000,{AA6BC92E-E29C-11E2-8094-0021280458E6},0.411120437251361,0.005910764773442,62035.000000000000000,1689.555605706455708,1672.000000000000000,1153.000000000000000,2395.000000000000000
79524,{DDFF9C3D-814F-4E1B-AAC5-A0F70C16824C},,,,,2013/01/18 07:09:18.000,,16253.809999999999491,65.780000000000001,ID,"170602080601",Sheep Creek,S,NM,"170602080604",0.000000000000000,0.000000000000000,{AA6DDE32-E29C-11E2-8094-0021280458E6},0.468852963463472,0.007510589455461,9715.000000000000000,2057.925064333504906,2067.000000000000000,1692.000000000000000,2303.000000000000000
10121,{82FE1F51-5792-46ED-8CEE-4FA2996EBEC2},{A696784E-F207-4A04-827B-F7F1AE5DC54F},,,,2016/11/29 21:28:24.000,,17430.759999999998399,70.540000000000006,ID,"170501230206",Lake Fork,S,NM,"170501230208",0.000000000000000,0.000000000000000,{A929557A-E29C-11E2-8094-0021280458E6},0.679253680009811,0.008024648198167,1288.000000000000000,1853.629658385093080,1842.000000000000000,1693.000000000000000,2028.000000000000000
10149,{AA975EA4-6802-48FA-9F3A-192E55D5D28A},{A696784E-F207-4A04-827B-F7F1AE5DC54F},,,,2016/11/29 21:28:25.000,,10035.450000000000728,40.609999999999999,ID,"170501230305",Upper Gold Fork River,S,NM,"170501230306",0.000000000000000,0.000000000000000,{A92A12CE-E29C-11E2-8094-0021280458E6},0.372246965513990,0.004608154529907,59741.000000000000000,1746.779983595855356,1718.000000000000000,1498.000000000000000,2326.000000000000000
10148,{33E5E6D0-58EE-401F-BB4B-A4BBCA28F9CC},{A696784E-F207-4A04-827B-F7F1AE5DC54F},,,,2016/11/29 21:28:25.000,,26249.169999999998254,106.230000000000004,ID,"170501230304",North Fork Gold Fork River,S,NM,"170501230305",0.000000000000000,0.000000000000000,{A929F4AE-E29C-11E2-8094-0021280458E6},0.573234268114850,0.012059061277209,156307.000000000000000,2042.177349702828451,2042.000000000000000,1587.000000000000000,2623.000000000000000
79417,{D1211D0B-EC8C-43BD-85F7-E47B3006A146},,,,,2013/01/18 07:09:18.000,,31006.450000000000728,125.480000000000004,ID,"170602080410",Buckhorn Creek,S,NM,"170602080412",0.000000000000000,0.000000000000000,{AA6CD3BB-E29C-11E2-8094-0021280458E6},0.600941171828765,0.014297295823346,185281.000000000000000,1953.785347661120113,1975.000000000000000,1182.000000000000000,2739.000000000000000
79419,{EF703A2A-CD4F-43C9-9CD0-B167612D304E},,,,,2013/01/18 07:09:18.000,,20003.889999999999418,80.950000000000003,ID,"170602080411",Fitsum Creek,S,NM,"170602080412",0.000000000000000,0.000000000000000,{AA6CF206-E29C-11E2-8094-0021280458E6},0.511237579318337,0.009238267220271,63433.000000000000000,1989.491873315151452,2040.000000000000000,1148.000000000000000,2653.000000000000000
78358,{18CFEDA9-D53A-48A1-A3DF-7096E46A520A},,,,,2013/01/18 07:09:16.000,,21517.110000000000582,87.079999999999998,ID,"170501120104",Granite Creek,S,NM,"170501120105",0.000000000000000,0.000000000000000,{A9BB6809-E29C-11E2-8094-0021280458E6},0.653922283197950,0.009762394842796,24.000000000000000,1787.125000000000000,1794.000000000000000,1740.000000000000000,1810.000000000000000
78354,{C4A5864C-241C-4783-9A25-3199D6A02B3D},,,,,2013/01/18 07:09:16.000,,19443.310000000001310,78.680000000000007,ID,"170501120101",Headwaters Grimes Creek,S,NM,"170501120105",0.000000000000000,0.000000000000000,{A9BB1A32-E29C-11E2-8094-0021280458E6},0.663382086564945,0.008829713588310,66408.000000000000000,1882.525087338874982,1931.000000000000000,1416.000000000000000,2264.000000000000000
78356,{3D7755CF-C103-481C-88AD-38282ED7867F},,,,,2013/01/18 07:09:16.000,,11673.909999999999854,47.240000000000002,ID,"170501120102",Smith Creek-Clear Creek,S,NM,"170501120105",0.000000000000000,0.000000000000000,{A9BB311D-E29C-11E2-8094-0021280458E6},0.366413772804203,0.005298819487342,5996.000000000000000,2035.608905937291411,2052.000000000000000,1757.000000000000000,2239.000000000000000
80361,{37100B8B-10F6-44CB-9254-AE6F3182C05B},,,,,2013/01/18 07:09:16.000,,20966.240000000001601,84.849999999999994,ID,"170501110503",Middle Crooked River,S,NM,"170501110504",0.000000000000000,0.000000000000000,{A9B9F271-E29C-11E2-8094-0021280458E6},0.511883078057307,0.009517123841183,30159.000000000000000,1846.588878941609437,1849.000000000000000,1633.000000000000000,2030.000000000000000
96625,{4B7AE3BF-EFD0-485C-A096-501753897973},,,,,2013/01/18 07:09:16.000,,19576.220000000001164,79.219999999999999,ID,"170501210403",Pyle Creek-Middle Fork Payette River,S,IT,"170501220101",0.000000000000000,0.000000000000000,{A8D71E60-E29C-11E2-8094-0021280458E6},0.564192898435177,0.008910854691049,83939.000000000000000,1148.702462502531489,1111.000000000000000,912.000000000000000,1725.000000000000000
96652,{7BC7C1D3-FE12-404D-BDF1-BB4D867DFF40},,,,,2013/01/18 07:09:16.000,,13419.850000000000364,54.310000000000002,ID,"170501200603",Alder Creek,S,NM,"170501200604",0.000000000000000,0.000000000000000,{A8D5DE9F-E29C-11E2-8094-0021280458E6},0.456908718832533,0.006095456383809,41426.000000000000000,1325.808936416743109,1285.000000000000000,939.000000000000000,1950.000000000000000
96653,{951A8D36-AD38-43C2-AA76-29E5B67B8EA1},,,,,2013/01/18 07:09:16.000,,32440.680000000000291,131.280000000000001,ID,"170501200604",Danskin Creek-South Fork Payette River,S,IT,"170501220101",0.000000000000000,0.000000000000000,{A8D5FCAD-E29C-11E2-8094-0021280458E6},0.771707553905358,0.014745908094249,188663.000000000000000,1263.139921447236702,1244.000000000000000,917.000000000000000,1937.000000000000000
96656,{8DF46D31-1513-4AF2-AE27-F9D92BC8FD54},,,,,2013/01/18 07:09:16.000,,25749.560000000001310,104.200000000000003,ID,"170501210203",Sixmile Creek-Middle Fork Payette River,S,NM,"170501210303",0.000000000000000,0.000000000000000,{A8D67D9A-E29C-11E2-8094-0021280458E6},0.643471105659487,0.011755922520994,152364.000000000000000,1582.493102045102432,1566.000000000000000,1138.000000000000000,2191.000000000000000
96654,{64C2B9F8-2C3B-4486-B297-41C610F995FE},,,,,2013/01/18 07:09:16.000,,16996.939999999998690,68.780000000000001,ID,"170501210201",Dash Creek-Middle Fork Payette River,S,NM,"170501210203",0.000000000000000,0.000000000000000,{A8D6489D-E29C-11E2-8094-0021280458E6},0.450269048152939,0.007769496596953,100686.000000000000000,1657.688923981487051,1612.000000000000000,1217.000000000000000,2361.000000000000000
96655,{891A2AE8-C2C4-43EA-A47C-C59C7275110F},,,,,2013/01/18 07:09:16.000,,25612.180000000000291,103.650000000000006,ID,"170501210202",Silver Creek,S,NM,"170501210203",0.000000000000000,0.000000000000000,{A8D666A7-E29C-11E2-8094-0021280458E6},0.657128612207648,0.011698181888311,151612.000000000000000,1811.057350341661504,1779.000000000000000,1143.000000000000000,2534.000000000000000
96651,{60F46F3D-5592-42A1-97A9-BB54A4382B47},,,,,2013/01/18 07:09:16.000,,24282.110000000000582,98.269999999999996,ID,"170501210102",Bull Creek,S,NM,"170501210201",0.000000000000000,0.000000000000000,{A8D631C8-E29C-11E2-8094-0021280458E6},0.630025267261892,0.011110337864586,143984.000000000000000,1971.233991276808638,1976.000000000000000,1360.000000000000000,2636.000000000000000
96504,{01CD24B0-2D5C-463C-9E3F-4CF9A73B8977},,,,,2013/01/18 07:09:16.000,,12155.469999999999345,49.189999999999998,ID,"170501200503",No Man Creek-Deadwood River,S,NM,"170501200505",0.000000000000000,0.000000000000000,{A8D53F9B-E29C-11E2-8094-0021280458E6},0.535921042994417,0.005542105671779,71825.000000000000000,1908.629906021579927,1902.000000000000000,1453.000000000000000,2480.000000000000000
96502,{F200F034-F569-4183-B7B1-B204F97CBC93},,,,,2013/01/18 07:09:16.000,,18020.139999999999418,72.920000000000002,ID,"170501200501",Warm Springs Creek,S,NM,"170501200503",0.000000000000000,0.000000000000000,{A8D50ACB-E29C-11E2-8094-0021280458E6},0.514530790822186,0.008228038345380,106631.000000000000000,1923.432754077144637,1901.000000000000000,1553.000000000000000,2557.000000000000000
96500,{A1926D0A-CAB3-4954-8683-B9688A791207},,,,,2013/01/18 07:09:16.000,,27019.450000000000728,109.340000000000003,ID,"170501200401",Stratton Creek-Deadwood River,S,NM,"170501200403",0.000000000000000,0.000000000000000,{A8D4BEED-E29C-11E2-8094-0021280458E6},0.693279285744096,0.012365966154481,160265.000000000000000,2126.216691105356858,2170.000000000000000,1670.000000000000000,2676.000000000000000
96501,{D402ECDB-8C28-44FD-9346-383FBDDAE8C5},,,,,2013/01/18 07:09:16.000,,10720.200000000000728,43.380000000000003,ID,"170501200402",Deer Creek,S,NM,"170501200403",0.000000000000000,0.000000000000000,{A8D4D5D2-E29C-11E2-8094-0021280458E6},0.423420915248080,0.004900903667222,63527.000000000000000,2064.911281817180225,2077.000000000000000,1670.000000000000000,2502.000000000000000
96954,{05F0B3B1-BA84-4E22-B1D9-8263F73DB3B8},,,,,2013/01/18 07:09:16.000,,16724.349999999998545,67.680000000000007,ID,"170501230505",Upper Clear Creek,S,NM,"170501230506",0.000000000000000,0.000000000000000,{A92AC8B3-E29C-11E2-8094-0021280458E6},0.514425272866294,0.007656435484681,99228.000000000000000,1896.800066513484126,1895.000000000000000,1522.000000000000000,2362.000000000000000
96623,{EEFA6978-31E3-4EB4-8F6F-1CE703F9B96A},,,,,2013/01/18 07:09:16.000,,19061.680000000000291,77.140000000000001,ID,"170501210401",Scriver Creek,S,NM,"170501210403",0.000000000000000,0.000000000000000,{A8D6E95C-E29C-11E2-8094-0021280458E6},0.509993907616649,0.008687388244769,54694.000000000000000,1435.674095878889830,1447.000000000000000,932.000000000000000,1887.000000000000000
96659,{84F77E6A-F006-4256-84DF-09E172C6F078},,,,,2013/01/18 07:09:16.000,,20469.659999999999854,82.840000000000003,ID,"170501210303",Rattlesnake Creek-Middle Fork Payette River,S,NM,"170501210403",0.000000000000000,0.000000000000000,{A8D6D27B-E29C-11E2-8094-0021280458E6},0.724989955677080,0.009333046017312,120939.000000000000000,1438.954431572941758,1384.000000000000000,931.000000000000000,2458.000000000000000
96658,{82D29D2F-739F-40B0-B620-A8B51CC1529D},,,,,2013/01/18 07:09:16.000,,16522.799999999999272,66.870000000000005,ID,"170501210302",Lightning Creek,S,NM,"170501210303",0.000000000000000,0.000000000000000,{A8D6B280-E29C-11E2-8094-0021280458E6},0.519115749654749,0.007528462087460,97580.000000000000000,1811.746976839516265,1846.000000000000000,944.000000000000000,2491.000000000000000
96657,{C86F2F87-A42F-4177-9E3D-19B6A444FACD},,,,,2013/01/18 07:09:16.000,,10133.000000000000000,41.009999999999998,ID,"170501210301",Bulldog Creek,S,NM,"170501210303",0.000000000000000,0.000000000000000,{A8D69BA0-E29C-11E2-8094-0021280458E6},0.394242105658352,0.004619618195420,59861.000000000000000,1685.423263894689171,1677.000000000000000,965.000000000000000,2415.000000000000000
96624,{C804FC24-B74F-4401-8463-0EB787C83AA7},,,,,2013/01/18 07:09:16.000,,22586.490000000001601,91.400000000000006,ID,"170501210402",Anderson Creek,S,IT,"170501210403",0.000000000000000,0.000000000000000,{A8D70763-E29C-11E2-8094-0021280458E6},0.581299341299391,0.010279422462409,133238.000000000000000,1576.891239736411535,1527.000000000000000,917.000000000000000,2491.000000000000000
96503,{283D471D-A019-41E7-BDFC-B63002D1D18C},,,,,2013/01/18 07:09:16.000,,10989.899999999999636,44.469999999999999,ID,"170501200502",Whitehawk Creek,S,NM,"170501200503",0.000000000000000,0.000000000000000,{A8D528BC-E29C-11E2-8094-0021280458E6},0.357473268734497,0.005013000921402,64964.000000000000000,2002.666415245366579,1939.000000000000000,1551.000000000000000,2559.000000000000000
96562,{E22E6E99-9E54-40E4-AD82-F3758A2A738C},,,,,2013/01/18 07:09:16.000,,19586.439999999998690,79.260000000000005,ID,"170501200302",Lower Clear Creek,S,NM,"170501200306",0.000000000000000,0.000000000000000,{A8D435BC-E29C-11E2-8094-0021280458E6},0.512654308682506,0.008917513021341,115555.000000000000000,1797.775414304876449,1786.000000000000000,1164.000000000000000,2413.000000000000000
96499,{8A8FADB6-CC5C-4E39-8662-E29DBC240402},,,,,2013/01/18 07:09:16.000,,24047.869999999998981,97.319999999999993,ID,"170501200306",Kirkham Creek-South Fork Payette River,S,NM,"170501200602",0.000000000000000,0.000000000000000,{A8D49FD4-E29C-11E2-8094-0021280458E6},0.621842738730308,0.010934165393256,141720.000000000000000,1596.675613886536894,1577.000000000000000,1126.000000000000000,2353.000000000000000
96377,{283968EA-03CC-4841-B004-A0BD05836681},,,,,2013/01/18 07:09:16.000,,21738.389999999999418,87.969999999999999,ID,"170501200202",Canyon Creek,S,NM,"170501200206",0.000000000000000,0.000000000000000,{A8A34172-E29C-11E2-8094-0021280458E6},0.509498339214661,0.009910892353684,128439.000000000000000,2218.927436370572650,2247.000000000000000,1475.000000000000000,2829.000000000000000
80349,{BFE8C25D-16C9-4EFB-A180-C8CA458F311E},,,,,2013/01/18 07:09:16.000,,18751.000000000000000,75.879999999999995,ID,"170501110301",Ballentyne Creek-North Fork Boise River,S,NM,"170501110303",0.000000000000000,0.000000000000000,{A9B90647-E29C-11E2-8094-0021280458E6},0.469287817533103,0.008520143413187,100051.000000000000000,2280.900660663061899,2284.000000000000000,1853.000000000000000,2902.000000000000000
96563,{67A63820-94B5-4305-BCFB-369DA124EB3B},,,,,2013/01/18 07:09:16.000,,21114.580000000001746,85.450000000000003,ID,"170501200205",Tenmile Creek,S,NM,"170501200304",0.000000000000000,0.000000000000000,{A8D3E9A4-E29C-11E2-8094-0021280458E6},0.560198308784979,0.009598858980333,124408.000000000000000,2103.691153302038401,2136.000000000000000,1338.000000000000000,2659.000000000000000
96564,{B98862BB-33B8-4485-BC37-72F81DF65D6E},,,,,2013/01/18 07:09:16.000,,22924.599999999998545,92.769999999999996,ID,"170501200206",Chapman Creek-South Fork Payette River,S,NM,"170501200304",0.000000000000000,0.000000000000000,{A8D4009B-E29C-11E2-8094-0021280458E6},0.544628151332393,0.010433291538335,135199.000000000000000,1909.086095311355848,1895.000000000000000,1337.000000000000000,2684.000000000000000
96565,{AD3BB077-DE8C-4F24-B02B-AF844A74D732},,,,,2013/01/18 07:09:16.000,,16946.889999999999418,68.579999999999998,ID,"170501200301",Upper Clear Creek,S,NM,"170501200302",0.000000000000000,0.000000000000000,{A8D41EC2-E29C-11E2-8094-0021280458E6},0.456734119596561,0.007723798927118,100102.000000000000000,2163.596191884278142,2189.000000000000000,1690.000000000000000,2650.000000000000000
96566,{6E70A112-95E0-4C36-9937-44095392F827},,,,,2013/01/18 07:09:16.000,,18165.880000000001019,73.510000000000005,ID,"170501200303",Eightmile Creek,S,NM,"170501200304",0.000000000000000,0.000000000000000,{A8D453C1-E29C-11E2-8094-0021280458E6},0.533992080689132,0.008274588450044,107229.000000000000000,1994.777877253354973,2004.000000000000000,1321.000000000000000,2650.000000000000000
96567,{89814633-0153-4856-A8BF-3982F9A958F6},,,,,2013/01/18 07:09:16.000,,23528.790000000000873,95.219999999999999,ID,"170501200304",Fivemile Creek-South Fork Payette River,S,NM,"170501200306",0.000000000000000,0.000000000000000,{A8D46AE3-E29C-11E2-8094-0021280458E6},0.578742224179389,0.010704534979292,138733.000000000000000,1836.877058810809331,1832.000000000000000,1261.000000000000000,2468.000000000000000
96509,{BAC0B625-6DEF-4A98-9806-D13AC70F3B78},,,,,2013/01/18 07:09:16.000,,17696.060000000001310,71.609999999999999,ID,"170501200602",Hole in the Wall Creek-South Fork Payette River,S,NM,"170501200604",0.000000000000000,0.000000000000000,{A8D5C792-E29C-11E2-8094-0021280458E6},0.494253341266897,0.008044162641585,104264.000000000000000,1496.732323716719065,1468.000000000000000,989.000000000000000,2264.000000000000000
96508,{61314D78-8C98-4864-BC6B-BFCB4D9E1895},,,,,2013/01/18 07:09:16.000,,11324.239999999999782,45.829999999999998,ID,"170501200601",Big Pine Creek,S,NM,"170501200602",0.000000000000000,0.000000000000000,{A8D5A98D-E29C-11E2-8094-0021280458E6},0.333638220911403,0.005152784992233,66763.000000000000000,1739.755972619564773,1741.000000000000000,1034.000000000000000,2375.000000000000000
96505,{DD4EA462-6927-474E-848B-17F5C6B118FA},,,,,2013/01/18 07:09:16.000,,10882.319999999999709,44.039999999999999,ID,"170501200504",Scott Creek,S,NM,"170501200505",0.000000000000000,0.000000000000000,{A8D55DAE-E29C-11E2-8094-0021280458E6},0.331835606346898,0.004958726588635,64277.000000000000000,1991.559904787093274,1996.000000000000000,1464.000000000000000,2491.000000000000000
96506,{926FF969-32E5-4E00-AF2E-A764214191B8},,,,,2013/01/18 07:09:16.000,,16625.500000000000000,67.280000000000001,ID,"170501200505",Lorenzo Creek-Deadwood River,S,NM,"170501200506",0.000000000000000,0.000000000000000,{A8D57499-E29C-11E2-8094-0021280458E6},0.464363031268056,0.007572676580102,98131.000000000000000,1856.656530556093458,1881.000000000000000,1307.000000000000000,2413.000000000000000
96507,{8F6B0E54-1BC4-40CE-B005-FA61330C8396},,,,,2013/01/18 07:09:16.000,,13278.129999999999200,53.729999999999997,ID,"170501200506",Stevens Creek-Deadwood River,S,NM,"170501200602",0.000000000000000,0.000000000000000,{A8D592A1-E29C-11E2-8094-0021280458E6},0.459636248962914,0.006042771794292,78321.000000000000000,1738.010903844435006,1745.000000000000000,1122.000000000000000,2410.000000000000000
96568,{E453625D-4C67-4B2A-8F22-EF5C73CCB350},,,,,2013/01/18 07:09:16.000,,10859.889999999999418,43.950000000000003,ID,"170501200305",Rock Creek,S,NM,"170501200306",0.000000000000000,0.000000000000000,{A8D488FC-E29C-11E2-8094-0021280458E6},0.416599918200416,0.004933704851637,54706.000000000000000,1733.913428143165220,1753.000000000000000,1149.000000000000000,2201.000000000000000
96984,{34FFCA23-3E8D-4493-808F-48A7CB2FF540},,,,,2013/01/18 07:09:16.000,,15749.690000000000509,63.740000000000002,ID,"170501230602",Round Valley Creek,S,NM,"170501230603",0.000000000000000,0.000000000000000,{A92B32CD-E29C-11E2-8094-0021280458E6},0.431417798526704,0.007190473616508,34968.000000000000000,1602.167839167238299,1556.000000000000000,1461.000000000000000,1930.000000000000000
96957,{2047440A-2D37-4E5A-BCBE-4CD9F4B7BD34},,,,,2013/01/18 07:09:16.000,,17812.590000000000146,72.090000000000003,ID,"170501230601",Fawn Creek-North Fork Payette River,S,NM,"170501230603",0.000000000000000,0.000000000000000,{A92B1BD8-E29C-11E2-8094-0021280458E6},0.493258951259746,0.008141554521674,3308.000000000000000,1480.331922611850132,1467.000000000000000,1445.000000000000000,1559.000000000000000
96946,{347CC514-6030-4A76-83B2-60E41C00BAE1},,,,,2013/01/18 07:09:16.000,,14762.100000000000364,59.740000000000002,ID,"170501230302",Rapid Creek,S,NM,"170501230303",0.000000000000000,0.000000000000000,{A929BF77-E29C-11E2-8094-0021280458E6},0.424595885938726,0.006795709397658,88080.000000000000000,1929.373524069028463,1881.000000000000000,1550.000000000000000,2556.000000000000000
96947,{98EF4219-EDBA-4FD3-B0B1-D4A0559AD478},,,,,2013/01/18 07:09:16.000,,19207.200000000000728,77.730000000000004,ID,"170501230303",Lower Kennally Creek,S,NM,"170501230306",0.000000000000000,0.000000000000000,{A929DD87-E29C-11E2-8094-0021280458E6},0.504286575506283,0.008833070691181,114458.000000000000000,1782.176143214104741,1758.000000000000000,1496.000000000000000,2452.000000000000000
96945,{78067488-3C46-4404-93D1-2F26D8F7172A},,,,,2013/01/18 07:09:16.000,,13059.860000000000582,52.850000000000001,ID,"170501230301",Upper Kennally Creek,S,NM,"170501230303",0.000000000000000,0.000000000000000,{A929A885-E29C-11E2-8094-0021280458E6},0.406012054988807,0.006011373362181,77906.000000000000000,2126.140849228557272,2141.000000000000000,1770.000000000000000,2576.000000000000000
96950,{8B6B0AF4-E9CE-4771-A74F-B5D1F917A86C},,,,,2013/01/18 07:09:16.000,,26162.950000000000728,105.879999999999995,ID,"170501230501",Upper Big Creek,S,NM,"170501230504",0.000000000000000,0.000000000000000,{A92A5EB4-E29C-11E2-8094-0021280458E6},0.582309878223463,0.011997538881590,155479.000000000000000,1881.194772284359942,1872.000000000000000,1515.000000000000000,2441.000000000000000
96953,{8B702BD0-648A-4B8B-BF7C-5D3085A79A40},,,,,2013/01/18 07:09:16.000,,19780.159999999999854,80.049999999999997,ID,"170501230504",Lower Big Creek,S,NM,"170501230507",0.000000000000000,0.000000000000000,{A92AB199-E29C-11E2-8094-0021280458E6},0.570239263250234,0.009054886712937,113023.000000000000000,1619.130920255169258,1578.000000000000000,1440.000000000000000,2335.000000000000000
96955,{45704365-AC29-47D2-9216-43391D5419AB},,,,,2013/01/18 07:09:16.000,,14849.899999999999636,60.100000000000001,ID,"170501230506",Lower Clear Creek,S,NM,"170501230601",0.000000000000000,0.000000000000000,{A92AE6C9-E29C-11E2-8094-0021280458E6},0.491142782327911,0.006788526998290,85903.000000000000000,1732.507467725225069,1677.000000000000000,1442.000000000000000,2360.000000000000000
96948,{4448DA5C-790C-47A7-9F8C-44A57C55293F},,,,,2013/01/18 07:09:16.000,,20379.470000000001164,82.469999999999999,ID,"170501230306",Lower Gold Fork River,S,NM,"170501230400",0.000000000000000,0.000000000000000,{A92A29BB-E29C-11E2-8094-0021280458E6},0.594833512650745,0.009359665168222,58994.000000000000000,1674.134098382886350,1654.000000000000000,1496.000000000000000,2204.000000000000000
96938,{8E5A2C96-5DD6-45F2-85EB-F6377316F70E},,,,,2013/01/18 07:09:16.000,,34887.370000000002619,141.180000000000007,ID,"170501230207",Boulder Creek,S,NM,"170501230208",0.000000000000000,0.000000000000000,{A92973B1-E29C-11E2-8094-0021280458E6},0.813846577132109,0.016058180616597,66735.000000000000000,1979.525721135835738,1961.000000000000000,1540.000000000000000,2551.000000000000000
96956,{75BB7BFE-8887-4BCC-BBDC-F73660F99645},,,,,2013/01/18 07:09:16.000,,11986.290000000000873,48.509999999999998,ID,"170501230507",Olson Creek-North Fork Payette River,S,NM,"170501230601",0.000000000000000,0.000000000000000,{A92AFDBB-E29C-11E2-8094-0021280458E6},0.419402361135771,0.005483309661831,575.000000000000000,1451.046956521739048,1451.000000000000000,1445.000000000000000,1459.000000000000000
96952,{DACC38E5-1269-436D-8592-2B9E7A7B10B2},,,,,2013/01/18 07:09:16.000,,13641.889999999999418,55.210000000000001,ID,"170501230503",Pearsol Creek-North Fork Payette River,S,NM,"170501230507",0.000000000000000,0.000000000000000,{A92A9392-E29C-11E2-8094-0021280458E6},0.600359139322098,0.006248585289530,31750.000000000000000,1572.800314960629976,1529.000000000000000,1444.000000000000000,2034.000000000000000
96951,{96CA6A97-1AA3-41C4-967F-6DF28B7F3373},,,,,2013/01/18 07:09:16.000,,13669.450000000000728,55.320000000000000,ID,"170501230502",Beaver Creek,S,NM,"170501230503",0.000000000000000,0.000000000000000,{A92A7CB9-E29C-11E2-8094-0021280458E6},0.430964016902185,0.006266823923699,49528.000000000000000,1703.095562106283296,1639.000000000000000,1454.000000000000000,2326.000000000000000
96861,{1ED07721-1170-459E-87F8-7BE6CC439976},,,,,2013/01/18 07:09:16.000,,11139.190000000000509,45.079999999999998,ID,"170501230203",Little Payette Lake,S,NM,"170501230206",0.000000000000000,0.000000000000000,{A8DC4ED9-E29C-11E2-8094-0021280458E6},0.398966240707765,0.005137632660404,40507.000000000000000,1979.444565136889878,2039.000000000000000,1567.000000000000000,2548.000000000000000
96798,{E8E72DE7-C584-4E00-BA01-19003C4B9EB1},,,,,2013/01/18 07:09:16.000,,25288.950000000000728,102.340000000000003,ID,"170501230106",Payette Lake,S,DM,"170501230204",0.000000000000000,0.000000000000000,{A8DC01C9-E29C-11E2-8094-0021280458E6},0.617982568105011,0.011672781343897,12484.000000000000000,2221.322012175584860,2222.000000000000000,2006.000000000000000,2508.000000000000000
